epoch,accuracy,loss,lr,val_accuracy,val_loss
0,0.49050772190093994,1.8194719552993774,1e-04,0.8108558654785156,0.6353940367698669
1,0.7349395155906677,0.841593325138092,1e-04,0.8793405890464783,0.41054874658584595
2,0.806602954864502,0.6097115874290466,1e-04,0.9055594801902771,0.31842896342277527
3,0.8455366492271423,0.49346843361854553,1e-04,0.9210803508758545,0.2618009150028229
4,0.8698263764381409,0.41402262449264526,1e-04,0.9278323650360107,0.2344628870487213
5,0.8871229290962219,0.36186766624450684,1e-04,0.9330059885978699,0.21479792892932892
6,0.8963521718978882,0.32753250002861023,1e-04,0.9416871070861816,0.1884920448064804
7,0.9072255492210388,0.29662615060806274,1e-04,0.9446685314178467,0.17630407214164734
