epoch,accuracy,loss,lr,val_accuracy,val_loss
0,0.28931716084480286,2.683326244354248,1e-04,0.5021067261695862,1.6135414838790894
1,0.4662744998931885,1.7731176614761353,1e-04,0.555916428565979,1.3981965780258179
2,0.53054279088974,1.5206162929534912,1e-04,0.5837429761886597,1.2962602376937866
3,0.5713909268379211,1.367275595664978,1e-04,0.601123571395874,1.2386107444763184
4,0.5996400117874146,1.2760131359100342,1e-04,0.6055126190185547,1.2530717849731445
